Date,High,Low,Open,Close,Volume,Adj Close
2018-08-02,0.015730399638414383,0.014937999658286572,0.015040500089526176,0.015306900255382061,46250600.0,0.015306900255382061
2018-08-03,0.015944000333547592,0.01237689983099699,0.015218299813568592,0.013332500122487545,27059500.0,0.013332500122487545
2018-08-04,0.01429549977183342,0.012696200050413609,0.013427499681711197,0.014081000350415707,19746000.0,0.014081000350415707
2018-08-05,0.01430749986320734,0.012929899618029594,0.013963200151920319,0.013424299657344818,18774100.0,0.013424299657344818
2018-08-06,0.014456899836659431,0.012162799946963787,0.013314600102603436,0.012899200432002544,21022400.0,0.012899200432002544
2018-08-07,0.013020800426602364,0.010401800274848938,0.012857699766755104,0.010775599628686905,22236100.0,0.010775599628686905
2018-08-08,0.012021999806165695,0.010316300205886364,0.010761300101876259,0.011682899668812752,32613700.0,0.011682899668812752
2018-08-09,0.012134900316596031,0.00945988018065691,0.011666500009596348,0.00974716991186142,36278100.0,0.00974716991186142
2018-08-10,0.009753449819982052,0.008723690174520016,0.00968157034367323,0.009192470461130142,12731100.0,0.009192470461130142
2018-08-11,0.009752090089023113,0.009023659862577915,0.009195329621434212,0.009079890325665474,8428220.0,0.009079890325665474
2018-08-12,0.0092010498046875,0.006960039958357811,0.009089550003409386,0.007168290205299854,16989000.0,0.007168290205299854
2018-08-13,0.00773630989715457,0.0061157201416790485,0.007204100023955107,0.00773630989715457,22264400.0,0.00773630989715457
2018-08-14,0.008747439831495285,0.0076628499664366245,0.007767559960484505,0.007890990003943443,22410600.0,0.007890990003943443
2018-08-15,0.011600900441408157,0.0077437302097678185,0.007898589596152306,0.011221400462090969,51160900.0,0.011221400462090969
2018-08-16,0.015231999568641186,0.01086840033531189,0.011226999573409557,0.01503129955381155,94427600.0,0.01503129955381155
2018-08-17,0.014950400218367577,0.011119299568235874,0.014950400218367577,0.012731599621474743,49994400.0,0.012731599621474743
2018-08-18,0.014422199688851833,0.012263399548828602,0.01271090004593134,0.014374099671840668,36557300.0,0.014374099671840668
2018-08-19,0.01487670000642538,0.013032100163400173,0.014275000430643559,0.01305679976940155,38838000.0,0.01305679976940155
2018-08-20,0.015804899856448174,0.012951199896633625,0.012951199896633625,0.01538890041410923,49710400.0,0.01538890041410923
2018-08-21,0.01624950021505356,0.012489800341427326,0.015460999682545662,0.013787399977445602,67288000.0,0.013787399977445602
2018-08-22,0.014783799648284912,0.013629499822854996,0.013685899786651134,0.014673899859189987,31250400.0,0.014673899859189987
2018-08-23,0.014742599800229073,0.013981199823319912,0.014742599800229073,0.014535400085151196,19980000.0,0.014535400085151196
2018-08-24,0.015734899789094925,0.014244399964809418,0.014552299864590168,0.015412800014019012,24453700.0,0.015412800014019012
2018-08-25,0.015445799566805363,0.014512499794363976,0.015389700420200825,0.015232600271701813,20503900.0,0.015232600271701813
2018-08-26,0.017855500802397728,0.01520949974656105,0.015221900306642056,0.01782350055873394,53968100.0,0.01782350055873394
2018-08-27,0.018755799159407616,0.017548900097608566,0.01783899962902069,0.01797950081527233,45607800.0,0.01797950081527233
2018-08-28,0.018112599849700928,0.016610899940133095,0.01798119954764843,0.016923800110816956,36464600.0,0.016923800110816956
2018-08-29,0.01734060049057007,0.015660300850868225,0.01695300079882145,0.01734060049057007,26699000.0,0.01734060049057007
2018-08-30,0.017558200284838676,0.016626300290226936,0.017229299992322922,0.01714329980313778,29320200.0,0.01714329980313778
2018-08-31,0.0185806006193161,0.016999099403619766,0.017106199637055397,0.018176300451159477,28300500.0,0.018176300451159477
2018-09-01,0.01839420013129711,0.017386600375175476,0.018144400790333748,0.01781510002911091,21871100.0,0.01781510002911091
2018-09-02,0.019222000613808632,0.017411699518561363,0.017852699384093285,0.01875310018658638,29578300.0,0.01875310018658638
2018-09-03,0.019774900749325752,0.018589600920677185,0.01877789944410324,0.01947079971432686,37147400.0,0.01947079971432686
2018-09-04,0.019740400835871696,0.0161920003592968,0.01944570057094097,0.0161920003592968,49983300.0,0.0161920003592968
2018-09-05,0.016328800469636917,0.015056800097227097,0.016262199729681015,0.01614229939877987,36930400.0,0.01614229939877987
2018-09-06,0.016768600791692734,0.015261299908161163,0.016133399680256844,0.01567550003528595,27829600.0,0.01567550003528595
2018-09-07,0.016218699514865875,0.014364900067448616,0.015630800276994705,0.014644100330770016,19308600.0,0.014644100330770016
2018-09-08,0.015325600281357765,0.01417549978941679,0.014636499807238579,0.014489799737930298,18117700.0,0.014489799737930298
2018-09-09,0.015370500274002552,0.013830400072038174,0.01456489972770214,0.01412389986217022,22846400.0,0.01412389986217022
2018-09-10,0.01428420003503561,0.012822999618947506,0.01423690002411604,0.013120999559760094,18847600.0,0.013120999559760094
2018-09-11,0.013990599662065506,0.011734999716281891,0.013162500225007534,0.013834900222718716,25123900.0,0.013834900222718716
2018-09-12,0.014357199892401695,0.013275300152599812,0.013835200108587742,0.014060200192034245,28222000.0,0.014060200192034245
2018-09-13,0.01435799989849329,0.013533799909055233,0.014088699594140053,0.013977499678730965,16430800.0,0.013977499678730965
2018-09-14,0.014608800411224365,0.013753700070083141,0.013958199881017208,0.014275199733674526,14368600.0,0.014275199733674526
2018-09-15,0.014334900304675102,0.013820899650454521,0.01426680013537407,0.014169599860906601,10220600.0,0.014169599860906601
2018-09-16,0.014323599636554718,0.012429599650204182,0.014158699661493301,0.012724800035357475,20636200.0,0.012724800035357475
2018-09-17,0.013237600214779377,0.012414599768817425,0.012731900438666344,0.012955700047314167,16694600.0,0.012955700047314167
2018-09-18,0.013253799639642239,0.012500000186264515,0.012990799732506275,0.01300519984215498,17267900.0,0.01300519984215498
2018-09-19,0.013687199912965298,0.01293299999088049,0.013008000329136848,0.01363029982894659,18295500.0,0.01363029982894659
2018-09-20,0.014614099636673927,0.013469399884343147,0.013701800256967545,0.01438950002193451,36111400.0,0.01438950002193451
2018-09-21,0.014583099633455276,0.013458799570798874,0.01438829954713583,0.013666399754583836,14838600.0,0.013666399754583836
2018-09-22,0.014085600152611732,0.013616099953651428,0.013739800080657005,0.013945099897682667,11897700.0,0.013945099897682667
2018-09-23,0.013990200124680996,0.012918000109493732,0.0139121999964118,0.013123399578034878,18296700.0,0.013123399578034878
2018-09-24,0.013123000040650368,0.012171199545264244,0.013123000040650368,0.012802899815142155,19622300.0,0.012802899815142155
2018-09-25,0.012939300388097763,0.012395800091326237,0.012787800282239914,0.012553700245916843,16953400.0,0.012553700245916843
2018-09-26,0.013197200372815132,0.01243560016155243,0.012530799955129623,0.013078399933874607,17120600.0,0.013078399933874607
2018-09-27,0.013594199903309345,0.012994400225579739,0.013086199760437012,0.013046899810433388,15868800.0,0.013046899810433388
2018-09-28,0.013097699731588364,0.012715199962258339,0.013048900291323662,0.013051999732851982,14815500.0,0.013051999732851982
2018-09-29,0.013119500130414963,0.012707799673080444,0.013072500005364418,0.012891300022602081,14573700.0,0.012891300022602081
2018-09-30,0.01309990044683218,0.012672499753534794,0.012887800112366676,0.012803999707102776,12615600.0,0.012803999707102776
2018-10-01,0.013352899812161922,0.012786099687218666,0.012804600410163403,0.012993699871003628,17676800.0,0.012993699871003628
2018-10-02,0.012981999665498734,0.01261799968779087,0.012946500442922115,0.012764500454068184,12731200.0,0.012764500454068184
2018-10-03,0.012953000143170357,0.012748800218105316,0.012768199667334557,0.012825599871575832,10516100.0,0.012825599871575832
2018-10-04,0.013213399797677994,0.012779300101101398,0.012834000401198864,0.013109800405800343,7337180.0,0.013109800405800343
2018-10-05,0.013229100033640862,0.012932700105011463,0.013121699914336205,0.012995700351893902,4673320.0,0.012995700351893902
2018-10-06,0.013110900297760963,0.012873999774456024,0.013016000390052795,0.013076099567115307,4508570.0,0.013076099567115307
2018-10-07,0.013850700110197067,0.012991899624466896,0.013094199821352959,0.0136657003313303,10593600.0,0.0136657003313303
2018-10-08,0.013757900334894657,0.01339029986411333,0.013680900447070599,0.013595099560916424,8453330.0,0.013595099560916424
2018-10-09,0.013639399781823158,0.013082800433039665,0.013566199690103531,0.013281400315463543,11145500.0,0.013281400315463543
2018-10-10,0.013302099891006947,0.01115300040692091,0.013244999572634697,0.011229299940168858,16074400.0,0.011229299940168858
2018-10-11,0.011730000376701355,0.011059500277042389,0.011153499595820904,0.011562000028789043,9936260.0,0.011562000028789043
2018-10-12,0.011673900298774242,0.011400099843740463,0.011542100459337234,0.011481000110507011,6564870.0,0.011481000110507011
2018-10-13,0.011707199737429619,0.011318800039589405,0.011455699801445007,0.011360200121998787,7932190.0,0.011360200121998787
2018-10-14,0.012236599810421467,0.011197499930858612,0.011345399543642998,0.011783000081777573,17371300.0,0.011783000081777573
2018-10-15,0.01203980017453432,0.011654100380837917,0.011793400160968304,0.011847199872136116,7772460.0,0.011847199872136116
2018-10-16,0.011881699785590172,0.011650200001895428,0.01177810039371252,0.01174359954893589,9594690.0,0.01174359954893589
2018-10-17,0.011862499639391899,0.01131569966673851,0.01173190027475357,0.011396000161767006,8611690.0,0.011396000161767006
2018-10-18,0.011542100459337234,0.011297600343823433,0.011400099843740463,0.011454399675130844,8150200.0,0.011454399675130844
2018-10-19,0.01164610031992197,0.011417699977755547,0.011462200433015823,0.011494199745357037,15957400.0,0.011494199745357037
2018-10-20,0.011701899580657482,0.011299599893391132,0.011498699896037579,0.011353000067174435,11968200.0,0.011353000067174435
2018-10-21,0.011413699947297573,0.01098840031772852,0.011324300430715084,0.011067899875342846,11878700.0,0.011067899875342846
2018-10-22,0.011995400302112103,0.01079660002142191,0.011055399663746357,0.011750300414860249,23224300.0,0.011750300414860249
2018-10-23,0.011877999641001225,0.011389000341296196,0.011713500134646893,0.011389000341296196,14333200.0,0.011389000341296196
2018-10-24,0.011457099579274654,0.01107530016452074,0.011380099691450596,0.011307699605822563,9122190.0,0.011307699605822563
2018-10-25,0.011323999613523483,0.010951699689030647,0.011304300278425217,0.011099499650299549,12566800.0,0.011099499650299549
2018-10-26,0.011108700186014175,0.010842399671673775,0.011078700423240662,0.010888200253248215,11666700.0,0.010888200253248215
2018-10-27,0.011261800304055214,0.01087689958512783,0.010927099734544754,0.010964900255203247,12409700.0,0.010964900255203247
2018-10-29,0.011239700019359589,0.01036820001900196,0.010962099768221378,0.010495699942111969,16595900.0,0.010495699942111969
2018-10-30,0.010623499751091003,0.010065100155770779,0.010512799955904484,0.010191299952566624,13505500.0,0.010191299952566624
2018-10-31,0.010491300374269485,0.010028700344264507,0.01021880004554987,0.010364700108766556,13609200.0,0.010364700108766556
2018-11-01,0.01077170018106699,0.01010849978774786,0.010376100428402424,0.010470399633049965,13223800.0,0.010470399633049965
2018-11-02,0.010534600354731083,0.010361299850046635,0.010450299829244614,0.010413000360131264,12214900.0,0.010413000360131264
2018-11-03,0.010439800098538399,0.010256299749016762,0.010405399836599827,0.01033919956535101,10536500.0,0.01033919956535101
2018-11-04,0.010921699926257133,0.010263199917972088,0.01034650020301342,0.010656099766492844,17269200.0,0.010656099766492844
2018-11-05,0.010861299932003021,0.01048280019313097,0.010679399594664574,0.010663099586963654,15306500.0,0.010663099586963654
2018-11-06,0.011207199655473232,0.010598300024867058,0.010672199539840221,0.011204100213944912,17164700.0,0.011204100213944912
2018-11-07,0.011293499730527401,0.010614899918437004,0.011230099946260452,0.010816199705004692,17036100.0,0.010816199705004692
2018-11-08,0.010846800170838833,0.010441100224852562,0.010823200456798077,0.01049409992992878,11530500.0,0.01049409992992878
2018-11-09,0.010514499619603157,0.010096799582242966,0.010479999706149101,0.010188600048422813,12693000.0,0.010188600048422813
2018-11-10,0.0104117002338171,0.010144599713385105,0.010192899964749813,0.010274600237607956,6509090.0,0.010274600237607956
2018-11-11,0.010294600389897823,0.010033500380814075,0.01028169970959425,0.010142000392079353,8536240.0,0.010142000392079353
2018-11-12,0.010210899636149406,0.009848619811236858,0.010163900442421436,0.009885109961032867,9464180.0,0.009885109961032867
2018-11-13,0.00990230031311512,0.009241119958460331,0.009875300340354443,0.009241119958460331,12894700.0,0.009241119958460331
2018-11-14,0.009274669922888279,0.007633879780769348,0.009146169759333134,0.008370310068130493,16750100.0,0.008370310068130493
2018-11-15,0.00863462034612894,0.007137400098145008,0.008406209759414196,0.007973969914019108,13486900.0,0.007973969914019108
2018-11-16,0.008062399923801422,0.007589159999042749,0.007944069802761078,0.007722219917923212,10133600.0,0.007722219917923212
2018-11-17,0.007726890034973621,0.007471140008419752,0.007718690205365419,0.007700229994952679,10458300.0,0.007700229994952679
2018-11-18,0.007787609938532114,0.007586500141769648,0.007708350196480751,0.007662130054086447,9844660.0,0.007662130054086447
2018-11-19,0.007673719897866249,0.005893909838050604,0.007656400091946125,0.006033539772033691,19730300.0,0.006033539772033691
2018-11-20,0.006311099976301193,0.0050130500458180904,0.006027880124747753,0.005295849870890379,17991200.0,0.005295849870890379
2018-11-21,0.005964470095932484,0.005206829868257046,0.005337669979780912,0.005799049977213144,12096500.0,0.005799049977213144
2018-11-22,0.005871959961950779,0.005261879879981279,0.005805990193039179,0.005261879879981279,7453420.0,0.005261879879981279
2018-11-23,0.005277940072119236,0.004962120205163956,0.005230799783021212,0.0051638297736644745,8181900.0,0.0051638297736644745
2018-11-24,0.0052960398606956005,0.004414040129631758,0.005159229971468449,0.004524350166320801,6614770.0,0.004524350166320801
2018-11-25,0.004814669955521822,0.003956370055675507,0.004518589936196804,0.004686770029366016,8739310.0,0.004686770029366016
2018-11-26,0.004825450014322996,0.004153150133788586,0.00466956989839673,0.00433429004624486,8320570.0,0.00433429004624486
2018-11-27,0.004498150199651718,0.004145610146224499,0.004310729913413525,0.004421180114150047,7394600.0,0.004421180114150047
2018-11-28,0.005500230006873608,0.004415799863636494,0.004415799863636494,0.0052420599386096,15663000.0,0.0052420599386096
2018-11-29,0.005690760910511017,0.004992667119950056,0.0052707260474562645,0.005316211376339197,11329440.0,0.005316211376339197
2018-11-30,0.005337628535926342,0.00453947251662612,0.005329479463398457,0.004766784608364105,10048523.0,0.004766784608364105
2018-12-01,0.0052148569375276566,0.00466467160731554,0.004784369375556707,0.005066398065537214,7244018.0,0.005066398065537214
2018-12-02,0.005195154808461666,0.004833055194467306,0.0050539844669401646,0.004922874737530947,7230608.0,0.004922874737530947
2018-12-03,0.004947862587869167,0.004446693230420351,0.004932241048663855,0.004542102105915546,7566013.0,0.004542102105915546
2018-12-04,0.0049025570042431355,0.004420347977429628,0.004534425679594278,0.004607296083122492,7610618.0,0.004607296083122492
2018-12-05,0.004670403432101011,0.004396646749228239,0.004624533466994762,0.004433112218976021,7530495.0,0.004433112218976021
2018-12-06,0.00483329501003027,0.004111991263926029,0.004457966890186071,0.004111991263926029,10483262.0,0.004111991263926029
2018-12-07,0.0041380710899829865,0.0036682854406535625,0.0041380710899829865,0.003920074552297592,12882280.0,0.003920074552297592
2018-12-08,0.004095252603292465,0.0037421979941427708,0.003921548370271921,0.00390730332583189,7447190.0,0.00390730332583189
2018-12-09,0.004183654207736254,0.0038745610509067774,0.003905279329046607,0.0040702009573578835,6597734.0,0.0040702009573578835
2018-12-10,0.004107124637812376,0.0037724128924310207,0.004070119466632605,0.0038331192918121815,5930515.0,0.0038331192918121815
2018-12-11,0.0038701926823705435,0.0036692037247121334,0.003827802138403058,0.003729719202965498,4198654.0,0.003729719202965498
2018-12-12,0.003811290953308344,0.0036433986388146877,0.0037216683849692345,0.003729010932147503,6205459.0,0.003729010932147503
2018-12-13,0.003747139126062393,0.003487795125693083,0.003742837579920888,0.003527721157297492,4683647.0,0.003527721157297492
2018-12-14,0.003545389510691166,0.0033228134270757437,0.0035355836153030396,0.0033792380709201097,4710615.0,0.0033792380709201097
2018-12-15,0.003424482187256217,0.0032821677159518003,0.0033821992110460997,0.0033600800670683384,3104697.0,0.0033600800670683384
2018-12-16,0.0034913094714283943,0.0033585946075618267,0.0033585946075618267,0.0034201955422759056,3574674.0,0.0034201955422759056
2018-12-17,0.004104104358702898,0.003413695376366377,0.003421642119064927,0.004031599499285221,9844027.0,0.004031599499285221
2018-12-18,0.004141811281442642,0.003793869400396943,0.004033174365758896,0.004137261770665646,7001588.0,0.004137261770665646
2018-12-19,0.004530859179794788,0.0041145263239741325,0.0041755205020308495,0.004220298957079649,10218552.0,0.004220298957079649
2018-12-20,0.004607532639056444,0.004160017240792513,0.004184659104794264,0.004574912134557962,9315861.0,0.004574912134557962
2018-12-21,0.004934695549309254,0.00432887626811862,0.004567635245621204,0.004475568886846304,11186891.0,0.004475568886846304
2018-12-22,0.004710020497441292,0.004334952682256699,0.004466064739972353,0.0046382169239223,7190145.0,0.0046382169239223
2018-12-23,0.004892523400485516,0.004628922324627638,0.004637672565877438,0.004721534438431263,6711657.0,0.004721534438431263
2018-12-24,0.005337573122233152,0.004714427050203085,0.004714427050203085,0.004794941283762455,11846498.0,0.004794941283762455
2018-12-25,0.004808010067790747,0.004203779622912407,0.004805913660675287,0.00437836442142725,7209293.0,0.00437836442142725
2018-12-26,0.004549421835690737,0.004267510026693344,0.004384121857583523,0.004405420273542404,4614862.0,0.004405420273542404
2018-12-27,0.004438324365764856,0.00391105841845274,0.004413870628923178,0.003921003546565771,5732770.0,0.003921003546565771
2018-12-28,0.004485796205699444,0.003866159822791815,0.003927270881831646,0.004378787707537413,6489024.0,0.004378787707537413
2018-12-29,0.004447086714208126,0.004154970869421959,0.004399733152240515,0.004154970869421959,6145706.0,0.004154970869421959
2018-12-30,0.004278834909200668,0.004116029478609562,0.004158766008913517,0.004218033514916897,5549173.0,0.004218033514916897
2018-12-31,0.004240281879901886,0.003932067658752203,0.0042245229706168175,0.003972173668444157,5785271.0,0.003972173668444157
2019-01-01,0.004154801834374666,0.0038460197392851114,0.0039804535917937756,0.004145046230405569,4902157.0,0.004145046230405569
2019-01-02,0.004251898732036352,0.004055961035192013,0.004148237872868776,0.004231283441185951,5331170.0,0.004231283441185951
2019-01-03,0.004244914278388023,0.003999433480203152,0.004237550310790539,0.004051076713949442,4319408.0,0.004051076713949442
2019-01-04,0.004133450798690319,0.003991118166595697,0.004054298158735037,0.004093829542398453,4357275.0,0.004093829542398453
2019-01-05,0.004153768066316843,0.004066780675202608,0.004092846531420946,0.004073955584317446,4724991.0,0.004073955584317446
2019-01-06,0.0044144331477582455,0.0040375227108597755,0.004080666694790125,0.004340156447142363,5957396.0,0.004340156447142363
2019-01-07,0.0043726395815610886,0.004158875439316034,0.004351074807345867,0.0041761379688978195,5226528.0,0.0041761379688978195
2019-01-08,0.004514445550739765,0.0040891459211707115,0.004169050138443708,0.004382190760225058,7026686.0,0.004382190760225058
2019-01-09,0.004803281277418137,0.00438203988596797,0.004384688101708889,0.004769515711814165,12107279.0,0.004769515711814165
2019-01-10,0.004903091117739677,0.0038808700628578663,0.0047933682799339294,0.004068427719175816,13071385.0,0.004068427719175816
2019-01-11,0.004129834473133087,0.003935167100280523,0.004057933110743761,0.00400560861453414,6509319.0,0.00400560861453414
2019-01-12,0.004092502873390913,0.003992308862507343,0.004003212321549654,0.004020142834633589,4474792.0,0.004020142834633589
2019-01-13,0.00404356000944972,0.003750152187421918,0.0040132938884198666,0.0037851864472031593,5438369.0,0.0037851864472031593
2019-01-14,0.004084389191120863,0.0037854521069675684,0.0037854521069675684,0.0040433662943542,5054732.0,0.0040433662943542
2019-01-15,0.004070567898452282,0.0038916158955544233,0.00405507255345583,0.0039294506423175335,3254717.0,0.0039294506423175335
2019-01-16,0.00400788988918066,0.003893650136888027,0.0039423019625246525,0.003993769641965628,4977148.0,0.003993769641965628
2019-01-17,0.004323463886976242,0.003951186779886484,0.004005603026598692,0.004262454342097044,11020120.0,0.004262454342097044
2019-01-18,0.004285753704607487,0.0040086377412080765,0.004259757697582245,0.004076030571013689,6375462.0,0.004076030571013689
2019-01-19,0.004256442189216614,0.0040623340755701065,0.004086048807948828,0.004137944430112839,5533946.0,0.004137944430112839
2019-01-20,0.004243020433932543,0.003915179520845413,0.004123387858271599,0.004011756274849176,5761503.0,0.004011756274849176
2019-01-21,0.004233615472912788,0.004016661550849676,0.004018748644739389,0.004129813984036446,6977051.0,0.004129813984036446
2019-01-22,0.004574711434543133,0.004116808995604515,0.00412949500605464,0.004568002186715603,14820175.0,0.004568002186715603
2019-01-23,0.004581660032272339,0.004317976534366608,0.004568766802549362,0.004390672314912081,9733084.0,0.004390672314912081
2019-01-24,0.004449035972356796,0.0042581334710121155,0.004402547143399715,0.004410280380398035,6306101.0,0.004410280380398035
2019-01-25,0.004436361137777567,0.00430434150621295,0.0044167605228722095,0.004346510861068964,4715533.0,0.004346510861068964
2019-01-26,0.004427372477948666,0.004341719672083855,0.004341719672083855,0.0043765646405518055,4879760.0,0.0043765646405518055
2019-01-27,0.004384547472000122,0.004071203526109457,0.004384547472000122,0.004165429621934891,6486434.0,0.004165429621934891
2019-01-28,0.0041808802634477615,0.003795732744038105,0.004175232257694006,0.0039344895631074905,7382323.0,0.0039344895631074905
2019-01-29,0.004008685238659382,0.0037769898772239685,0.003948648925870657,0.003906083758920431,4799851.0,0.003906083758920431
2019-01-30,0.00411158986389637,0.003861155593767762,0.00391506589949131,0.004037800710648298,4808428.0,0.004037800710648298
2019-01-31,0.0040693944320082664,0.0038234659004956484,0.00402368837967515,0.003908701706677675,6030415.0,0.003908701706677675
2019-02-01,0.003957116510719061,0.00381721300072968,0.003909635357558727,0.003927553538233042,3570932.0,0.003927553538233042
2019-02-02,0.003951743710786104,0.0038663228042423725,0.003916715271770954,0.003951743710786104,2829235.0,0.003951743710786104
2019-02-03,0.003949308767914772,0.0038304002955555916,0.003937195520848036,0.003864227095618844,2778665.0,0.003864227095618844
2019-02-04,0.00387611729092896,0.0037856325507164,0.0038652492221444845,0.0038272675592452288,3435088.0,0.0038272675592452288
2019-02-05,0.003852047258988023,0.0037568630650639534,0.003819824196398258,0.0037863256875425577,4009846.0,0.0037863256875425577
2019-02-06,0.003783580381423235,0.0036200068425387144,0.003773821284994483,0.0036368896253407,4506773.0,0.0036368896253407
2019-02-07,0.0037622200325131416,0.00362636661157012,0.003639945527538657,0.0036943310406059027,3386472.0,0.0036943310406059027
2019-02-08,0.004054826218634844,0.0036557272542268038,0.00369259319268167,0.003965951036661863,5403795.0,0.003965951036661863
2019-02-09,0.0040185279212892056,0.0039004019927233458,0.003981659188866615,0.004006114322692156,3591370.0,0.004006114322692156
2019-02-10,0.0041307867504656315,0.003938731737434864,0.004021708853542805,0.004043597262352705,5229669.0,0.004043597262352705
2019-02-11,0.00404807273298502,0.0039084600284695625,0.00404807273298502,0.00390893779695034,3260260.0,0.00390893779695034
2019-02-12,0.003950321581214666,0.0038431084249168634,0.003921038471162319,0.0039237188175320625,3227571.0,0.0039237188175320625
2019-02-13,0.003975518047809601,0.00385879073292017,0.003936804365366697,0.003875576425343752,3182995.0,0.003875576425343752
2019-02-14,0.003914449829608202,0.003832685761153698,0.0038801871705800295,0.003882180666550994,2601659.0,0.003882180666550994
2019-02-15,0.003968855366110802,0.0038452905137091875,0.0038932240568101406,0.003937220200896263,3920328.0,0.003937220200896263
2019-02-16,0.004202746320515871,0.003934777807444334,0.003934777807444334,0.004125268664211035,8314896.0,0.004125268664211035
2019-02-17,0.004152677021920681,0.003995352424681187,0.004106337670236826,0.004116049502044916,5749334.0,0.004116049502044916
2019-02-18,0.004432233516126871,0.004112882539629936,0.004129694774746895,0.004373661708086729,7615451.0,0.004373661708086729
2019-02-19,0.004489513114094734,0.004305061884224415,0.004375917837023735,0.004305061884224415,7239080.0,0.004305061884224415
2019-02-20,0.004378809593617916,0.004209302831441164,0.004310266114771366,0.004364293534308672,5752812.0,0.004364293534308672
2019-02-21,0.004698313307017088,0.004308604169636965,0.004376153461635113,0.004490246064960957,15259785.0,0.004490246064960957
2019-02-22,0.004964101128280163,0.004475721623748541,0.004487067926675081,0.004814706742763519,18628527.0,0.004814706742763519
2019-02-23,0.004968259483575821,0.004667901899665594,0.0047965520061552525,0.004912625998258591,13505340.0,0.004912625998258591
2019-02-24,0.005012035369873047,0.0042383670806884766,0.00490667624399066,0.0044071003794670105,17823789.0,0.0044071003794670105
2019-02-25,0.0046480693854391575,0.004376919008791447,0.004376919008791447,0.004608980845659971,11999728.0,0.004608980845659971
2019-02-26,0.004785239230841398,0.004532976076006889,0.004606368951499462,0.004604289308190346,13305152.0,0.004604289308190346
2019-02-27,0.0047300891019403934,0.004469987470656633,0.004621229134500027,0.004559244494885206,11164164.0,0.004559244494885206
2019-02-28,0.004616187419742346,0.004509121645241976,0.004567964468151331,0.004596131853759289,8692488.0,0.004596131853759289
2019-03-01,0.004654658958315849,0.004541558679193258,0.004596875049173832,0.004597214516252279,9190442.0,0.004597214516252279
2019-03-02,0.004596245475113392,0.004471190273761749,0.004592002369463444,0.004519939888268709,7462379.0,0.004519939888268709
2019-03-03,0.004540000576525927,0.004425628110766411,0.0045104422606527805,0.0044538057409226894,6742325.0,0.0044538057409226894
2019-03-04,0.004469230305403471,0.0041153994388878345,0.004449659958481789,0.004253706894814968,9854591.0,0.004253706894814968
2019-03-05,0.0044256821274757385,0.004215817432850599,0.004275388550013304,0.004379871767014265,8551035.0,0.004379871767014265
2019-03-06,0.004408642649650574,0.004307277500629425,0.004376603290438652,0.004347825422883034,7044048.0,0.004347825422883034
2019-03-07,0.004592746961861849,0.004276546649634838,0.004354763310402632,0.004518560599535704,9957230.0,0.004518560599535704
2019-03-08,0.004635646939277649,0.004365420900285244,0.0045157503336668015,0.004432895686477423,10233603.0,0.004432895686477423
2019-03-09,0.004882341716438532,0.004412259440869093,0.004429271910339594,0.004868118558079004,14730235.0,0.004868118558079004
2019-03-10,0.004975301679223776,0.004657288547605276,0.004852293524891138,0.004735866561532021,12326702.0,0.004735866561532021
2019-03-11,0.0047479672357439995,0.004459982737898827,0.004742245189845562,0.004508183337748051,20273599.0,0.004508183337748051
2019-03-12,0.005499391350895166,0.004462315700948238,0.004518762230873108,0.005331084132194519,28755387.0,0.005331084132194519
2019-03-13,0.005421965382993221,0.0050903805531561375,0.005323948338627815,0.005130094941705465,16663520.0,0.005130094941705465
2019-03-14,0.005247124470770359,0.005034510511904955,0.005125445779412985,0.00522691011428833,13327586.0,0.00522691011428833
2019-03-15,0.005454906262457371,0.005145118106156588,0.005216615274548531,0.005336666014045477,11254569.0,0.005336666014045477
2019-03-16,0.005447749514132738,0.005298150237649679,0.0053428709506988525,0.005356315523386002,10758121.0,0.005356315523386002
2019-03-17,0.005379945505410433,0.005190178751945496,0.0053560081869363785,0.005241264123469591,9062332.0,0.005241264123469591
2019-03-18,0.005358188878744841,0.005175862926989794,0.005246046930551529,0.005321245174854994,9742058.0,0.005321245174854994
2019-03-19,0.005462325643748045,0.005241347476840019,0.005327132530510426,0.0054475245997309685,10961041.0,0.0054475245997309685
2019-03-20,0.005807248409837484,0.00534099293872714,0.005445597693324089,0.005703960079699755,19134911.0,0.005703960079699755
2019-03-21,0.006097687873989344,0.00535197788849473,0.005709041375666857,0.0056878961622715,28841312.0,0.0056878961622715
2019-03-22,0.005940783768892288,0.005579730495810509,0.005654629785567522,0.00580627704039216,20173358.0,0.00580627704039216
2019-03-23,0.0060816057957708836,0.005801862105727196,0.005807152017951012,0.005896278191357851,18343806.0,0.005896278191357851
2019-03-24,0.0059142629615962505,0.0057174828834831715,0.00589720206335187,0.005765440873801708,13593947.0,0.005765440873801708
2019-03-25,0.005820860620588064,0.00545167550444603,0.005787713918834925,0.00564835499972105,15415278.0,0.00564835499972105
2019-03-26,0.005671449936926365,0.005358303431421518,0.005647633690387011,0.005554360803216696,20825800.0,0.005554360803216696
2019-03-27,0.005817510653287172,0.005537860095500946,0.005551517009735107,0.005731726530939341,14667139.0,0.005731726530939341
2019-03-28,0.005945161450654268,0.005676603876054287,0.005729766096919775,0.005878224037587643,11296118.0,0.005878224037587643
2019-03-29,0.005917606875300407,0.005770243704319,0.005878224037587643,0.005911484360694885,12690110.0,0.005911484360694885
2019-03-30,0.006083125248551369,0.005697657819837332,0.00590138416737318,0.005902410019189119,13259654.0,0.005902410019189119
2019-03-31,0.0062201679684221745,0.005887642502784729,0.005902410019189119,0.006110609043389559,20327641.0,0.006110609043389559
2019-03-31,0.00638537248596549,0.006040675565600395,0.006108651403337717,0.006285297218710184,16899764.0,0.006285297218710184
2019-04-01,0.007337892893701792,0.006292513106018305,0.006292513106018305,0.007242792285978794,33542818.0,0.007242792285978794
2019-04-02,0.007917925715446472,0.006932314485311508,0.007261120248585939,0.007324314676225185,32703242.0,0.007324314676225185
2019-04-03,0.007700336165726185,0.006973262410610914,0.007304111495614052,0.007242306601256132,22506755.0,0.007242306601256132
2019-04-04,0.007542770821601152,0.007228929549455643,0.007244630251079798,0.0075167883187532425,12943993.0,0.0075167883187532425
2019-04-05,0.007746560499072075,0.007449668366461992,0.007519457023590803,0.007573185954242945,12823084.0,0.007573185954242945
2019-04-06,0.00784867350012064,0.0074633327312767506,0.007571741472929716,0.0076395743526518345,15345531.0,0.0076395743526518345
2019-04-07,0.007712006103247404,0.00701859500259161,0.007650264538824558,0.007471535354852676,17609103.0,0.007471535354852676
2019-04-08,0.007471535354852676,0.007028487976640463,0.007471535354852676,0.0071741752326488495,14343081.0,0.0071741752326488495
2019-04-09,0.0073950570076704025,0.007084893994033337,0.007151873782277107,0.007142741233110428,17136294.0,0.007142741233110428
2019-04-10,0.0071866996586322784,0.006229996681213379,0.007160239852964878,0.006658441387116909,18189636.0,0.006658441387116909
2019-04-11,0.0069454992190003395,0.006365735549479723,0.006653144024312496,0.006885734386742115,13067289.0,0.006885734386742115
2019-04-12,0.007035972084850073,0.0067575774155557156,0.006884175352752209,0.00693704467266798,10823811.0,0.00693704467266798
2019-04-13,0.007012091111391783,0.0067601618357002735,0.00693704467266798,0.006936325691640377,10081326.0,0.006936325691640377
2019-04-14,0.00705249048769474,0.006711332127451897,0.006936325691640377,0.006810714490711689,11559162.0,0.006810714490711689
2019-04-15,0.007073843386024237,0.0067407540045678616,0.006809243466705084,0.00704091414809227,11388682.0,0.00704091414809227
2019-04-16,0.0070963953621685505,0.006925440859049559,0.00703823147341609,0.007071246858686209,10451402.0,0.007071246858686209
2019-04-17,0.007506249006837606,0.00702931871637702,0.007061612792313099,0.007316268514841795,15668178.0,0.007316268514841795
2019-04-18,0.007445667404681444,0.00712925661355257,0.007319984491914511,0.007227492984384298,14479127.0,0.007227492984384298
2019-04-19,0.007240045815706253,0.006894397083669901,0.007218943443149328,0.007017741445451975,12440596.0,0.007017741445451975
2019-04-20,0.007067236118018627,0.006613625213503838,0.0070249768905341625,0.00681567657738924,12952559.0,0.00681567657738924
2019-04-21,0.007041864097118378,0.006714480929076672,0.006804878823459148,0.006985923741012812,21458574.0,0.006985923741012812
2019-04-22,0.007091903127729893,0.006755910348147154,0.0069774724543094635,0.006758267525583506,14291177.0,0.006758267525583506
2019-04-23,0.006924604065716267,0.006197035312652588,0.006758267525583506,0.00643713166937232,20123194.0,0.00643713166937232
2019-04-24,0.006624674890190363,0.005946064367890358,0.006440489087253809,0.006003254558891058,15495653.0,0.006003254558891058
2019-04-25,0.006168114021420479,0.00574205769225955,0.006016201805323362,0.006075683515518904,14611007.0,0.006075683515518904
2019-04-26,0.0062888311222195625,0.005970437079668045,0.00609629787504673,0.006133226677775383,10420082.0,0.006133226677775383
2019-04-27,0.006259840913116932,0.005956429056823254,0.006135895848274231,0.00604185089468956,9702170.0,0.00604185089468956
2019-04-28,0.006066832225769758,0.005781619809567928,0.006031071301549673,0.005852597299963236,11505990.0,0.005852597299963236
2019-04-29,0.006309008225798607,0.005838468670845032,0.005851402413100004,0.006252270191907883,10962952.0,0.006252270191907883
2019-04-30,0.00661488575860858,0.006249109748750925,0.006252459716051817,0.006587514188140631,12909950.0,0.006587514188140631
2019-05-01,0.006662126164883375,0.006321471184492111,0.00658611161634326,0.006488997023552656,11239892.0,0.006488997023552656
2019-05-02,0.006815378088504076,0.0064706215634942055,0.006493882741779089,0.006669423542916775,14860635.0,0.006669423542916775
2019-05-03,0.006754479371011257,0.006320331711322069,0.006669423542916775,0.006493628956377506,12076217.0,0.006493628956377506
2019-05-04,0.006515845190733671,0.006302544381469488,0.006489008665084839,0.006433169357478619,10024361.0,0.006433169357478619
2019-05-05,0.00645400071516633,0.006058217957615852,0.006433512549847364,0.006296919193118811,14051502.0,0.006296919193118811
2019-05-06,0.006413360591977835,0.0061271097511053085,0.006295517086982727,0.0061271097511053085,12001381.0,0.0061271097511053085
2019-05-07,0.006329793017357588,0.005999140441417694,0.006116820033639669,0.0062982128001749516,11824869.0,0.0062982128001749516
2019-05-08,0.0063864379189908504,0.005885532591491938,0.006310366094112396,0.005980690475553274,12583826.0,0.005980690475553274
2019-05-09,0.006119048222899437,0.0057015675120055676,0.005980733782052994,0.006084280088543892,15262144.0,0.006084280088543892
2019-05-10,0.006568184122443199,0.005835183430463076,0.006084359250962734,0.006386320106685162,20927828.0,0.006386320106685162
2019-05-11,0.006520575378090143,0.005956090986728668,0.006375926546752453,0.006086873356252909,14325736.0,0.006086873356252909
2019-05-12,0.006698255427181721,0.0060217720456421375,0.006086873356252909,0.00637948140501976,18666965.0,0.00637948140501976
2019-05-13,0.0071561867371201515,0.00636320561170578,0.006382866762578487,0.0070563629269599915,24418374.0,0.0070563629269599915
2019-05-14,0.007945679128170013,0.006982906721532345,0.007050931453704834,0.00792095810174942,25084407.0,0.00792095810174942
2019-05-15,0.008810904808342457,0.007256331853568554,0.00791459996253252,0.008158997632563114,37221669.0,0.008158997632563114
2019-05-16,0.008205198682844639,0.007031028158962727,0.008139897137880325,0.00752940122038126,25450304.0,0.00752940122038126
2019-05-17,0.00796508975327015,0.007356526795774698,0.00752940122038126,0.0077467444352805614,18108574.0,0.0077467444352805614
2019-05-18,0.008116444572806358,0.007703943178057671,0.007734241429716349,0.007949985563755035,21157773.0,0.007949985563755035
2019-05-19,0.00802055187523365,0.007381704170256853,0.007949985563755035,0.0076928152702748775,18498808.0,0.0076928152702748775
2019-05-20,0.00801664125174284,0.007625930476933718,0.007695680484175682,0.007742106448858976,24260071.0,0.007742106448858976
2019-05-21,0.007813967764377594,0.007121695671230555,0.007742106448858976,0.007161767687648535,21297421.0,0.007161767687648535
2019-05-22,0.007481557782739401,0.00695860804989934,0.007169089745730162,0.007441111374646425,12754200.0,0.007441111374646425
2019-05-23,0.007583803031593561,0.007357674650847912,0.007454670500010252,0.007369363214820623,14006366.0,0.007369363214820623
2019-05-24,0.007567894645035267,0.007320257369428873,0.007369363214820623,0.007369552738964558,10280041.0,0.007369552738964558
2019-05-25,0.007603583391755819,0.007155988831073046,0.00737218139693141,0.007603583391755819,16022775.0,0.007603583391755819
2019-05-26,0.008099243976175785,0.007459292653948069,0.007606358267366886,0.008062925189733505,23178242.0,0.008062925189733505
2019-05-27,0.008208272978663445,0.007715723942965269,0.008038983680307865,0.007812616415321827,22323468.0,0.007812616415321827
2019-05-28,0.007852217182517052,0.0074836621060967445,0.00781303085386753,0.007674768101423979,19981798.0,0.007674768101423979
2019-05-29,0.008402478881180286,0.007197442464530468,0.007660032249987125,0.007506341673433781,33164040.0,0.007506341673433781
2019-05-30,0.0078061907552182674,0.007213959936052561,0.007506341673433781,0.007693239022046328,28113880.0,0.007693239022046328
2019-05-31,0.007770418189466,0.007373633794486523,0.0076601700857281685,0.0074654193595051765,15941396.0,0.0074654193595051765
2019-06-01,0.007824988104403019,0.007398210931569338,0.0074654193595051765,0.007735085673630238,16124065.0,0.007735085673630238
2019-06-02,0.00774765620008111,0.007163148373365402,0.007735085673630238,0.007218781393021345,15795346.0,0.007218781393021345
2019-06-03,0.007604848127812147,0.006862527225166559,0.007218306418508291,0.007400610484182835,22455738.0,0.007400610484182835
2019-06-04,0.007947315461933613,0.0072344038635492325,0.007400610484182835,0.0077028120867908,27987270.0,0.0077028120867908
2019-06-05,0.008068781346082687,0.007353842258453369,0.007681111339479685,0.007715485990047455,22137984.0,0.007715485990047455
2019-06-06,0.007926955819129944,0.007591387256979942,0.007710698992013931,0.007763602305203676,17648134.0,0.007763602305203676
2019-06-07,0.007801664061844349,0.007491323631256819,0.007762459572404623,0.007658130954951048,19364398.0,0.007658130954951048
2019-06-08,0.0076488410122692585,0.007071185857057571,0.00764750549569726,0.0072558969259262085,18879267.0,0.0072558969259262085
2019-06-09,0.0077839563600718975,0.007146890740841627,0.007252777926623821,0.007726333569735289,19690094.0,0.007726333569735289
2019-06-10,0.007756820414215326,0.007341865915805101,0.007733563426882029,0.007472642231732607,16586974.0,0.007472642231732607
2019-06-11,0.007751237601041794,0.007386141922324896,0.007456494029611349,0.007616709917783737,18083154.0,0.007616709917783737
2019-06-12,0.00774015299975872,0.007490913849323988,0.007617516443133354,0.007568833418190479,17824154.0,0.007568833418190479
2019-06-13,0.007651986554265022,0.007061747834086418,0.007580616977065802,0.0073344288393855095,33322150.0,0.0073344288393855095
2019-06-14,0.007479808758944273,0.007293484639376402,0.00733539741486311,0.007370843086391687,23498785.0,0.007370843086391687
2019-06-15,0.007418412249535322,0.0071420795284211636,0.007370843086391687,0.007275479845702648,26752699.0,0.007275479845702648
2019-06-16,0.00761981587857008,0.007260006386786699,0.007271366193890572,0.0073620956391096115,20300361.0,0.0073620956391096115
2019-06-17,0.007426557131111622,0.007127213291823864,0.007375759072601795,0.007378940470516682,19302131.0,0.007378940470516682
2019-06-18,0.00741557078436017,0.007263741921633482,0.007386785466223955,0.007307430729269981,18231865.0,0.007307430729269981
2019-06-19,0.007326170802116394,0.006817300338298082,0.007319682277739048,0.006913237273693085,27672018.0,0.006913237273693085
2019-06-20,0.007123354356735945,0.0066929347813129425,0.006892753764986992,0.006800900679081678,29869647.0,0.006800900679081678
2019-06-21,0.007617926225066185,0.006460352800786495,0.006794425658881664,0.006969028152525425,59749244.0,0.006969028152525425
2019-06-22,0.007577838841825724,0.006882658693939447,0.006967728957533836,0.007185020018368959,40744864.0,0.007185020018368959
2019-06-23,0.007284785620868206,0.006802645046263933,0.007185020018368959,0.007054883986711502,79456140.0,0.007054883986711502
2019-06-24,0.01062441524118185,0.006976977922022343,0.007057746406644583,0.009273696690797806,287460754.0,0.009273696690797806
2019-06-25,0.009712853468954563,0.007964257150888443,0.009273696690797806,0.008044150657951832,142749758.0,0.008044150657951832
2019-06-26,0.008559197187423706,0.007381859235465527,0.008044150657951832,0.007658164948225021,81451270.0,0.007658164948225021
2019-06-27,0.008460448123514652,0.007545020431280136,0.007680515758693218,0.008281446062028408,79524637.0,0.008281446062028408
2019-06-28,0.009290847927331924,0.0076636215671896935,0.008277478627860546,0.009144135750830173,77678758.0,0.009144135750830173
2019-06-29,0.009433171711862087,0.008119077421724796,0.009141894988715649,0.008119077421724796,80760059.0,0.008119077421724796
2019-06-30,0.008578206412494183,0.007642196491360664,0.008119077421724796,0.00806522835046053,66175950.0,0.00806522835046053
2019-07-01,0.008138406090438366,0.007322681602090597,0.008062339387834072,0.007610975299030542,71455692.0,0.007610975299030542
2019-07-02,0.008065829053521156,0.007589729968458414,0.007616568822413683,0.007738322485238314,59091237.0,0.007738322485238314
2019-07-03,0.007805338595062494,0.007247056346386671,0.0077452328987419605,0.007320650853216648,40292662.0,0.007320650853216648
2019-07-04,0.007686896715313196,0.0071620396338403225,0.007317980285733938,0.007482833694666624,56562484.0,0.007482833694666624
2019-07-05,0.007663084659725428,0.00739806005731225,0.007492578122764826,0.0074571846053004265,24941722.0,0.0074571846053004265
2019-07-06,0.007563806138932705,0.0073766568675637245,0.00745972478762269,0.007484475616365671,25029758.0,0.007484475616365671
2019-07-07,0.0076011475175619125,0.007217349484562874,0.007492288947105408,0.007238718215376139,29604208.0,0.007238718215376139
2019-07-08,0.007485856302082539,0.007197161205112934,0.007248405832797289,0.007305593229830265,45016611.0,0.007305593229830265
2019-07-09,0.007453090976923704,0.006891539320349693,0.007296216674149036,0.006959877442568541,37612753.0,0.006959877442568541
2019-07-10,0.006962538696825504,0.005939847324043512,0.00695852329954505,0.006017276551574469,30183260.0,0.006017276551574469
2019-07-11,0.007140437141060829,0.005938889924436808,0.00602096738293767,0.006882076617330313,29772564.0,0.006882076617330313
2019-07-12,0.007071500178426504,0.00621455954387784,0.006886104121804237,0.006492678076028824,22417725.0,0.006492678076028824
2019-07-13,0.006540235597640276,0.0057004233822226524,0.006494617089629173,0.0057107554748654366,18166379.0,0.0057107554748654366
2019-07-14,0.005811042618006468,0.005356586538255215,0.005709261633455753,0.005713207647204399,41322049.0,0.005713207647204399
2019-07-15,0.005804495420306921,0.00503940973430872,0.00571036571636796,0.0051947361789643764,54282647.0,0.0051947361789643764
2019-07-16,0.005716325249522924,0.004858384374529123,0.005189392250031233,0.005447958130389452,70992854.0,0.005447958130389452
2019-07-17,0.005763269029557705,0.005310324486345053,0.005451310891658068,0.005729513242840767,36689888.0,0.005729513242840767
2019-07-18,0.005867437459528446,0.005535941570997238,0.005729513242840767,0.005823958199471235,30457733.0,0.005823958199471235
2019-07-19,0.006252846214920282,0.005833655130118132,0.0058338153176009655,0.006100350990891457,26804982.0,0.006100350990891457
2019-07-20,0.006142293103039265,0.005865156184881926,0.006100350990891457,0.006083478685468435,26295976.0,0.006083478685468435
2019-07-21,0.006412571296095848,0.006054069381207228,0.006092374678701162,0.006217337213456631,28364978.0,0.006217337213456631
2019-07-22,0.006249003577977419,0.005738710984587669,0.006226076744496822,0.005839623510837555,32491051.0,0.005839623510837555
2019-07-23,0.0059346165508031845,0.005642283707857132,0.005839623510837555,0.005925789475440979,32024390.0,0.005925789475440979
2019-07-24,0.006061727646738291,0.005845844745635986,0.005921651143580675,0.005868053063750267,27714340.0,0.005868053063750267
2019-07-25,0.006013820413500071,0.005747469142079353,0.0058694821782410145,0.005960230715572834,28631762.0,0.005960230715572834
2019-07-26,0.0060971882194280624,0.005617230664938688,0.005960230715572834,0.005669215228408575,27845565.0,0.005669215228408575
2019-07-27,0.005720808170735836,0.005474337842315435,0.005669215228408575,0.005660705268383026,27054116.0,0.005660705268383026
2019-07-28,0.005724985618144274,0.0055181230418384075,0.005662771873176098,0.005599519703537226,26403057.0,0.005599519703537226
2019-07-29,0.005632440093904734,0.00545769277960062,0.005601353477686644,0.005543814972043037,24414388.0,0.005543814972043037
2019-07-30,0.005681928712874651,0.005512472242116928,0.005536525975912809,0.005614056251943111,26028675.0,0.005614056251943111
2019-07-31,0.005630628205835819,0.005321805831044912,0.005605979822576046,0.00540781207382679,26201749.0,0.00540781207382679
2019-08-01,0.005546730011701584,0.005400293506681919,0.005408167839050293,0.005497433245182037,25363947.0,0.005497433245182037
2019-08-02,0.0055770184844732285,0.005476605612784624,0.005497683770954609,0.005486477166414261,22744036.0,0.005486477166414261
2019-08-03,0.0055175526067614555,0.005324151832610369,0.005482946522533894,0.005329818464815617,22596305.0,0.005329818464815617
2019-08-04,0.005414095241576433,0.005246678367257118,0.005332821514457464,0.005253469571471214,25306136.0,0.005253469571471214
2019-08-05,0.005258413031697273,0.004789743572473526,0.0052540963515639305,0.004857209511101246,25974720.0,0.004857209511101246
2019-08-06,0.005460812710225582,0.004828224424272776,0.004856281913816929,0.00495796836912632,39100296.0,0.00495796836912632
2019-08-07,0.00505739264190197,0.004833177663385868,0.00495796836912632,0.004977741744369268,28029173.0,0.004977741744369268
2019-08-08,0.005034156609326601,0.004862988367676735,0.0049786376766860485,0.004938485566526651,27370378.0,0.004938485566526651
2019-08-09,0.005061744246631861,0.004806182812899351,0.004938485566526651,0.004903401248157024,25400963.0,0.004903401248157024
2019-08-10,0.005346281453967094,0.004889966920018196,0.004903713706880808,0.00513317808508873,27523738.0,0.00513317808508873
2019-08-11,0.005249621346592903,0.005083468742668629,0.0051242453046143055,0.005093894898891449,31247774.0,0.005093894898891449
2019-08-12,0.005102924071252346,0.004847293719649315,0.005095129832625389,0.004880009684711695,30732585.0,0.004880009684711695
2019-08-13,0.004915219731628895,0.004563041962683201,0.004888290073722601,0.004714692011475563,30957848.0,0.004714692011475563
2019-08-14,0.004764588084071875,0.004461226984858513,0.004714692011475563,0.004561359528452158,20918901.0,0.004561359528452158
2019-08-15,0.004610072821378708,0.004427884239703417,0.004560391418635845,0.0044866218231618404,23477533.0,0.0044866218231618404
2019-08-16,0.004533831030130386,0.004422293975949287,0.004490162245929241,0.0044740173034369946,25721539.0,0.0044740173034369946
2019-08-17,0.0045466115698218346,0.004395284689962864,0.0044751339592039585,0.0045178658328950405,26526995.0,0.0045178658328950405
2019-08-18,0.004690078087151051,0.004507930018007755,0.004518484231084585,0.004676556680351496,26894650.0,0.004676556680351496
2019-08-19,0.004681006073951721,0.004524482414126396,0.004676556680351496,0.004566325806081295,26068606.0,0.004566325806081295
2019-08-20,0.004574965685606003,0.004171974491328001,0.004565032664686441,0.004329160787165165,27990210.0,0.004329160787165165
2019-08-21,0.004607231821864843,0.004186536651104689,0.00433293217793107,0.00448407419025898,27848422.0,0.00448407419025898
2019-08-22,0.004664431791752577,0.004448169842362404,0.00448407419025898,0.0046216263435781,25290666.0,0.0046216263435781
2019-08-23,0.004975822754204273,0.004532989114522934,0.004620492924004793,0.004900482017546892,33031220.0,0.004900482017546892
2019-08-24,0.0049840849824249744,0.004408091772347689,0.004900482017546892,0.004490404389798641,32444546.0,0.004490404389798641
2019-08-25,0.004596550017595291,0.004479537717998028,0.0044898078776896,0.0045822495594620705,28347953.0,0.0045822495594620705
2019-08-26,0.004582174587994814,0.0044912914745509624,0.004582174587994814,0.004536204040050507,29571737.0,0.004536204040050507
2019-08-27,0.00464507145807147,0.004224270116537809,0.004534701816737652,0.004238526802510023,28101634.0,0.004238526802510023
2019-08-28,0.004241353366523981,0.004045279696583748,0.004241353366523981,0.004080850165337324,26991293.0,0.004080850165337324
2019-08-29,0.004152280278503895,0.004000495187938213,0.004080850165337324,0.0040988922119140625,24953472.0,0.0040988922119140625
2019-08-30,0.004195159301161766,0.004014542326331139,0.004098805133253336,0.004116235300898552,24662808.0,0.004116235300898552
2019-08-31,0.004131166730076075,0.004048306029289961,0.004116060212254524,0.004114329814910889,23788978.0,0.004114329814910889
2019-09-01,0.004452400375157595,0.004108094610273838,0.00411883695051074,0.00435973284766078,29264839.0,0.00435973284766078
2019-09-02,0.004377244971692562,0.004259063862264156,0.00436490960419178,0.0042830780148506165,37272099.0,0.0042830780148506165
2019-09-03,0.00431219395250082,0.004108840133994818,0.004283891525119543,0.004142863675951958,29685560.0,0.004142863675951958
2019-09-04,0.004157645162194967,0.0038747231010347605,0.004143490921705961,0.003925538156181574,31905422.0,0.003925538156181574
2019-09-05,0.003962421789765358,0.0037285923026502132,0.003925538156181574,0.003763265907764435,31067451.0,0.003763265907764435
2019-09-06,0.003908760845661163,0.0037256719078868628,0.0037641082890331745,0.0038621965795755386,32298379.0,0.0038621965795755386
2019-09-07,0.004020941909402609,0.0038563236594200134,0.0038597118109464645,0.003998777363449335,28513248.0,0.003998777363449335
2019-09-08,0.004008821677416563,0.0038650883361697197,0.003998777363449335,0.0039824810810387135,30196556.0,0.0039824810810387135
2019-09-09,0.004010576754808426,0.0038811364211142063,0.003981992602348328,0.0038994334172457457,33622410.0,0.0038994334172457457
2019-09-10,0.003937561996281147,0.0037280863616615534,0.0038994334172457457,0.0037382678128778934,28627886.0,0.0037382678128778934
2019-09-11,0.0037633406464010477,0.0036359266377985477,0.003737004939466715,0.003741510445252061,31408289.0,0.003741510445252061
2019-09-12,0.003759508952498436,0.003643233794718981,0.003741510445252061,0.0037319206167012453,30138910.0,0.0037319206167012453
2019-09-13,0.0037438441067934036,0.0035862803924828768,0.0037319206167012453,0.0036714135203510523,30303240.0,0.0036714135203510523
2019-09-14,0.0037441302556544542,0.0036650875117629766,0.00367122795432806,0.003738453844562173,25829439.0,0.003738453844562173
2019-09-15,0.004280535504221916,0.0037384803872555494,0.0037389241624623537,0.004029766656458378,42575522.0,0.004029766656458378
2019-09-16,0.004268378019332886,0.004023513291031122,0.004039512015879154,0.004216178320348263,34770811.0,0.004216178320348263
2019-09-17,0.004419781733304262,0.004213517997413874,0.004218841437250376,0.004301809705793858,32662403.0,0.004301809705793858
2019-09-18,0.004302498418837786,0.004045501817017794,0.004302498418837786,0.004217131529003382,29730164.0,0.004217131529003382
2019-09-19,0.004273432772606611,0.004146745894104242,0.004218891728669405,0.0041925422847270966,27520285.0,0.0041925422847270966
2019-09-20,0.004265225492417812,0.004134347662329674,0.004191703628748655,0.004150095395743847,36507048.0,0.004150095395743847
2019-09-21,0.00415752874687314,0.004018329083919525,0.004151641856878996,0.004060965962707996,30861368.0,0.004060965962707996
2019-09-22,0.004076317884027958,0.003927281126379967,0.004061545245349407,0.003927281126379967,35277395.0,0.003927281126379967
2019-09-23,0.0040318951942026615,0.003244621679186821,0.00392726669088006,0.0034006088972091675,27062891.0,0.0034006088972091675
2019-09-24,0.0034812609665095806,0.0032977922819554806,0.0033908721525222063,0.003416970372200012,29098702.0,0.003416970372200012
2019-09-25,0.003416970372200012,0.0031344436574727297,0.003416970372200012,0.0033148848451673985,40752898.0,0.0033148848451673985
2019-09-26,0.0034360173158347607,0.00324801541864872,0.003314743982627988,0.003424734342843294,37934466.0,0.003424734342843294
2019-09-27,0.003480727318674326,0.003401408903300762,0.0034263867419213057,0.0034403367899358273,24940511.0,0.0034403367899358273
2019-09-28,0.0034517385065555573,0.003296458162367344,0.0034429372753947973,0.0033537184353917837,20714247.0,0.0033537184353917837
2019-09-29,0.0034876810386776924,0.003241630969569087,0.0033534627873450518,0.0034698781091719866,23010448.0,0.0034698781091719866
2019-09-30,0.003571450477465987,0.003444771282374859,0.003472322365269065,0.003453871002420783,20839481.0,0.003453871002420783
2019-10-01,0.0034987623803317547,0.0034110359847545624,0.003453871002420783,0.0034975928720086813,21550356.0,0.0034975928720086813
2019-10-02,0.0035020732320845127,0.003393805120140314,0.0034964692313224077,0.003432478057220578,26227694.0,0.003432478057220578
2019-10-03,0.003493577241897583,0.0033985029440373182,0.0034322955179959536,0.003449523588642478,27364880.0,0.003449523588642478
2019-10-04,0.0034670939203351736,0.0033784848637878895,0.003449523588642478,0.0034178791102021933,33364410.0,0.0034178791102021933
2019-10-05,0.0034600424114614725,0.0033397721126675606,0.0034148485865443945,0.0033853978384286165,32768021.0,0.0033853978384286165
2019-10-06,0.0034972806461155415,0.003323382930830121,0.0033874951768666506,0.003479048842564225,48262886.0,0.003479048842564225
2019-10-07,0.00360319996252656,0.003469872986897826,0.003479667706415057,0.00360319996252656,45744776.0,0.00360319996252656
2019-10-08,0.0038158574607223272,0.003554149530827999,0.003602707991376519,0.0038158574607223272,46154863.0,0.0038158574607223272
2019-10-09,0.0038828772958368063,0.003720211796462536,0.003807920729741454,0.0037510108668357134,37826328.0,0.0037510108668357134
2019-10-10,0.003790850518271327,0.003608508501201868,0.003750750795006752,0.0036538962740451097,53284977.0,0.0036538962740451097
2019-10-11,0.003783492837101221,0.0036528590135276318,0.0036551710218191147,0.003692980157211423,27869933.0,0.003692980157211423
2019-10-12,0.003710185643285513,0.0035853947047144175,0.0036967622581869364,0.0035979601088911295,26345526.0,0.0035979601088911295
2019-10-13,0.0036441402044147253,0.0035195741802453995,0.0035979601088911295,0.0036441402044147253,64829201.0,0.0036441402044147253
2019-10-14,0.00365265179425478,0.0034441184252500534,0.003631705418229103,0.0034569238778203726,29598716.0,0.0034569238778203726
2019-10-15,0.0034720017574727535,0.003328620456159115,0.0034603711683303118,0.0033532725647091866,89576849.0,0.0033532725647091866
2019-10-16,0.0035747019574046135,0.003344095079228282,0.003363747848197818,0.003453462850302458,43197710.0,0.003453462850302458
2019-10-17,0.003468582406640053,0.003324027406051755,0.003453462850302458,0.003382690018042922,28156977.0,0.003382690018042922
2019-10-18,0.00339636392891407,0.0033438648097217083,0.003381269983947277,0.0033476748503744602,27369295.0,0.0033476748503744602
2019-10-19,0.003395811188966036,0.003318473231047392,0.00334843248128891,0.003366050310432911,93561203.0,0.003366050310432911
2019-10-20,0.003407478565350175,0.003336993046104908,0.003366050310432911,0.003345491597428918,89728170.0,0.003345491597428918
2019-10-21,0.003366054268553853,0.003287798957899213,0.0033452596981078386,0.003288126550614834,93813016.0,0.003288126550614834
2019-10-22,0.003314804285764694,0.00296026561409235,0.0032877137418836355,0.003002314129844308,35671645.0,0.003002314129844308
2019-10-23,0.0030231743585318327,0.002933986485004425,0.003003508783876896,0.0030208237003535032,31904211.0,0.0030208237003535032
2019-10-24,0.0033932027872651815,0.003001459874212742,0.0030208237003535032,0.0033750352449715137,46635912.0,0.0033750352449715137
2019-10-25,0.0036645319778472185,0.003278566524386406,0.003378919092938304,0.0033672882709652185,39845528.0,0.0033672882709652185
2019-10-26,0.004264358431100845,0.0033202122431248426,0.0033672882709652185,0.004141172394156456,60861952.0,0.004141172394156456
2019-10-28,0.004727421328425407,0.003830683184787631,0.0041425894014537334,0.003830683184787631,78180092.0,0.003830683184787631
2019-10-29,0.0042915865778923035,0.0038190612103790045,0.0038239213172346354,0.004208289086818695,64203243.0,0.004208289086818695
2019-10-30,0.004382035695016384,0.00388810015283525,0.004213633481413126,0.004161733668297529,55591846.0,0.004161733668297529
2019-10-31,0.004216432571411133,0.003938321955502033,0.004153760150074959,0.004121637437492609,42823124.0,0.004121637437492609
2019-11-01,0.004151938017457724,0.003953923471271992,0.00412247097119689,0.003992582205682993,38382553.0,0.003992582205682993
2019-11-02,0.0043041761964559555,0.003989493940025568,0.003994185011833906,0.00422506732866168,41596906.0,0.00422506732866168
2019-11-03,0.004379694815725088,0.004170250613242388,0.004211109131574631,0.004271610174328089,106785587.0,0.004271610174328089
2019-11-04,0.004429346416145563,0.004184227902442217,0.0042695943266153336,0.004395513329654932,50126306.0,0.004395513329654932
2019-11-05,0.005019514821469784,0.004355530720204115,0.004395513329654932,0.004914175719022751,66827379.0,0.004914175719022751
2019-11-06,0.005320936907082796,0.004902360029518604,0.0049146441742777824,0.005256220698356628,76553532.0,0.005256220698356628
2019-11-07,0.00584656186401844,0.005069374572485685,0.005252082832157612,0.005657784640789032,94686063.0,0.005657784640789032
2019-11-08,0.005956835113465786,0.005254458170384169,0.005622204393148422,0.005330388434231281,73823303.0,0.005330388434231281
2019-11-09,0.005322562530636787,0.0050786458887159824,0.005322562530636787,0.005123278126120567,55676071.0,0.005123278126120567
2019-11-10,0.0057965791784226894,0.005110329482704401,0.00511942058801651,0.005740988999605179,68982096.0,0.005740988999605179
2019-11-11,0.006129713729023933,0.005481192842125893,0.00574086606502533,0.0060428534634411335,92987929.0,0.0060428534634411335
2019-11-12,0.006713002920150757,0.0059976596385240555,0.006055137608200312,0.00654304213821888,106316599.0,0.00654304213821888
2019-11-13,0.006559304427355528,0.006158134434372187,0.006537662353366613,0.006308077834546566,84395893.0,0.006308077834546566
2019-11-14,0.007562731858342886,0.0062352740205824375,0.006314057391136885,0.007348669692873955,145041004.0,0.007348669692873955
2019-11-15,0.008038331754505634,0.006925569381564856,0.0073478808626532555,0.007822874933481216,213244465.0,0.007822874933481216
2019-11-16,0.00782225001603365,0.007278368808329105,0.007816889323294163,0.007292652502655983,138772820.0,0.007292652502655983
2019-11-17,0.007718616630882025,0.007193155586719513,0.007292652502655983,0.007718616630882025,105893247.0,0.007718616630882025
2019-11-18,0.007720533758401871,0.007210461422801018,0.0077172997407615185,0.007511398289352655,131532264.0,0.007511398289352655
2019-11-19,0.00753650302067399,0.006681723985821009,0.007503442000597715,0.006950627081096172,116167888.0,0.006950627081096172
2019-11-20,0.006950627081096172,0.006105753593146801,0.006950627081096172,0.0061557902954518795,123029653.0,0.0061557902954518795
2019-11-21,0.0062271845526993275,0.00566029641777277,0.006158307194709778,0.005743253976106644,97871594.0,0.005743253976106644
2019-11-22,0.00585487624630332,0.004731209482997656,0.005743253976106644,0.005199155304580927,124162950.0,0.005199155304580927
2019-11-23,0.0058391643688082695,0.004959662910550833,0.005196481477469206,0.005816969089210033,111285225.0,0.005816969089210033
2019-11-24,0.006091351620852947,0.005274482537060976,0.005816829390823841,0.005274482537060976,121005441.0,0.005274482537060976
2019-11-25,0.005970845930278301,0.005068181548267603,0.00528249004855752,0.00589529937133193,109767766.0,0.00589529937133193
2019-11-26,0.006380854174494743,0.005760482978075743,0.00587841123342514,0.006380854174494743,110273489.0,0.006380854174494743
2019-11-27,0.0066729276441037655,0.0059978473000228405,0.006364722736179829,0.006540607661008835,122326424.0,0.006540607661008835
2019-11-28,0.0066992491483688354,0.006348575931042433,0.006542073097079992,0.0063786921091377735,78630082.0,0.0063786921091377735
2019-11-29,0.0065260836854577065,0.00623463187366724,0.006377727724611759,0.006492536049336195,73607547.0,0.006492536049336195
2019-11-30,0.006494584027677774,0.005991751328110695,0.006489694584161043,0.006092941388487816,67627060.0,0.006092941388487816
2019-12-01,0.0071979789063334465,0.00582270510494709,0.006096949335187674,0.007129015866667032,150317584.0,0.007129015866667032
2019-12-02,0.007910585962235928,0.007105701137334108,0.007118704728782177,0.007442104630172253,214430709.0,0.007442104630172253
2019-12-03,0.0076177227310836315,0.006849139928817749,0.007442104630172253,0.00699740881100297,147303737.0,0.00699740881100297
2019-12-04,0.007602964527904987,0.006827351171523333,0.006998339667916298,0.006946065928786993,139890283.0,0.006946065928786993
2019-12-05,0.00715453689917922,0.006700295023620129,0.006936053745448589,0.00691254623234272,107971528.0,0.00691254623234272
2019-12-06,0.00698379660025239,0.006573659833520651,0.00692883413285017,0.0069636511616408825,95555147.0,0.0069636511616408825
2019-12-07,0.007282215170562267,0.006887232419103384,0.006972424685955048,0.006887232419103384,79874026.0,0.006887232419103384
2019-12-08,0.007310139015316963,0.00671963719651103,0.006868726573884487,0.0071889967657625675,91917267.0,0.0071889967657625675
2019-12-09,0.007397552020847797,0.0068411752581596375,0.007191086187958717,0.006889457814395428,94789460.0,0.006889457814395428
2019-12-10,0.006885239388793707,0.0060314214788377285,0.006885151378810406,0.006255730055272579,107334781.0,0.006255730055272579
2019-12-11,0.006412472575902939,0.006045147776603699,0.00626433826982975,0.006058863364160061,72536164.0,0.006058863364160061
2019-12-12,0.006297637242823839,0.005858787801116705,0.006065489258617163,0.006253523286432028,78378179.0,0.006253523286432028
2019-12-13,0.006657515186816454,0.005760072730481625,0.006252995226532221,0.005870776250958443,108878386.0,0.005870776250958443
2019-12-14,0.005943083204329014,0.005398437846451998,0.005871855653822422,0.00548324640840292,69463069.0,0.00548324640840292
2019-12-15,0.005708612501621246,0.005287149455398321,0.00548324640840292,0.0056069702841341496,67376046.0,0.0056069702841341496
2019-12-16,0.005627989303320646,0.005031162407249212,0.005604249890893698,0.005080460570752621,51731167.0,0.005080460570752621
2019-12-17,0.005120561458170414,0.004561100620776415,0.005080460570752621,0.004642338491976261,58644901.0,0.004642338491976261
2019-12-18,0.0053933789022266865,0.004531588871032,0.004634140525013208,0.005368385463953018,81406473.0,0.005368385463953018
2019-12-19,0.005400081165134907,0.004899481311440468,0.005350942257791758,0.005097188521176577,54773461.0,0.005097188521176577
2019-12-20,0.005568304099142551,0.005045129917562008,0.005097188521176577,0.005428399424999952,69121347.0,0.005428399424999952
2019-12-21,0.005568691994994879,0.005322292447090149,0.0054286085069179535,0.005351719446480274,48727947.0,0.005351719446480274
2019-12-22,0.00562641117721796,0.005337256006896496,0.0053495196625590324,0.005539130885154009,51226559.0,0.005539130885154009
2019-12-23,0.0061785075813531876,0.005479705985635519,0.0055334605276584625,0.005902780219912529,86999522.0,0.005902780219912529
2019-12-24,0.006296071223914623,0.005812839139252901,0.00592179736122489,0.006031263619661331,92408694.0,0.006031263619661331
2019-12-25,0.006088473834097385,0.005832416005432606,0.006035828962922096,0.00591289671137929,79282432.0,0.00591289671137929
2019-12-26,0.005919368471950293,0.00546906515955925,0.00591289671137929,0.0055097732692956924,90192792.0,0.0055097732692956924
2019-12-27,0.005865531507879496,0.005368791054934263,0.005512724630534649,0.005703175440430641,88935184.0,0.005703175440430641
2019-12-28,0.005770792718976736,0.005594066809862852,0.005701479502022266,0.0056881955824792385,82594152.0,0.0056881955824792385
2019-12-29,0.005962268449366093,0.005594790913164616,0.005683539900928736,0.005599928088486195,83346544.0,0.005599928088486195
2019-12-30,0.005662388633936644,0.005456316750496626,0.005600144620984793,0.0054583619348704815,75402048.0,0.0054583619348704815
2019-12-31,0.005467894021421671,0.005176946986466646,0.005460689775645733,0.0052409847266972065,70344111.0,0.0052409847266972065
2020-01-01,0.005490374751389027,0.005228421650826931,0.0052409847266972065,0.005366580095142126,64586744.0,0.005366580095142126
2020-01-02,0.005400936584919691,0.005072586704045534,0.005366580095142126,0.005097310524433851,59081069.0,0.005097310524433851
2020-01-03,0.005430517252534628,0.005045979283750057,0.005107553210109472,0.00533571932464838,66999698.0,0.00533571932464838
2020-01-04,0.005694936960935593,0.0053074113093316555,0.0053353444673120975,0.005672854837030172,60583438.0,0.005672854837030172
2020-01-05,0.005718465428799391,0.005492490716278553,0.005666845012456179,0.005504314787685871,60517802.0,0.005504314787685871
2020-01-06,0.0057657514698803425,0.005486937705427408,0.0055082677863538265,0.005734995007514954,73540805.0,0.005734995007514954
2020-01-07,0.005767000373452902,0.005505559034645557,0.005736339837312698,0.005590000189840794,67461953.0,0.005590000189840794
2020-01-08,0.005598288495093584,0.0053052096627652645,0.005595139693468809,0.005521290469914675,79053436.0,0.005521290469914675
2020-01-09,0.005511683411896229,0.005341184325516224,0.005511683411896229,0.0053673251532018185,93401748.0,0.0053673251532018185
2020-01-10,0.005549718625843525,0.005340004339814186,0.005360745824873447,0.005451884586364031,140759598.0,0.005451884586364031
2020-01-11,0.005540874321013689,0.005359419621527195,0.005457951221615076,0.005534523632377386,186894921.0,0.005534523632377386
2020-01-12,0.005611903499811888,0.005425148643553257,0.005530636291950941,0.0055412654764950275,99761625.0,0.0055412654764950275
2020-01-13,0.005548616871237755,0.005358390510082245,0.005541470367461443,0.005440331529825926,76878705.0,0.005440331529825926
2020-01-14,0.006069672293961048,0.005391846410930157,0.005443027708679438,0.0060057807713747025,135435699.0,0.0060057807713747025
2020-01-15,0.006180638913065195,0.0057627419009804726,0.005997826345264912,0.006003306247293949,127790120.0,0.006003306247293949
2020-01-16,0.0060707684606313705,0.005705284886062145,0.006004162132740021,0.005905374884605408,101044054.0,0.005905374884605408
2020-01-17,0.006591707933694124,0.005825620144605637,0.005906234961003065,0.006356736179441214,138571074.0,0.006356736179441214
2020-01-18,0.006399231497198343,0.0061203972436487675,0.006357725244015455,0.006256424821913242,138845321.0,0.006256424821913242
2020-01-19,0.006269408855587244,0.0058283731341362,0.006253442727029324,0.005883405916392803,127129952.0,0.005883405916392803
2020-01-20,0.005961151793599129,0.0057741329073905945,0.005884046200662851,0.005844355095177889,104468826.0,0.005844355095177889
2020-01-21,0.006008698605000973,0.005789135582745075,0.005842975806444883,0.005964495241641998,104464918.0,0.005964495241641998
2020-01-22,0.006013070233166218,0.005859090480953455,0.005994591396301985,0.005877822637557983,90656447.0,0.005877822637557983
2020-01-23,0.0058835758827626705,0.005458208732306957,0.005880905780941248,0.005578781943768263,104354296.0,0.005578781943768263
2020-01-24,0.005669629201292992,0.005484516732394695,0.005583793856203556,0.005621300544589758,99091803.0,0.005621300544589758
2020-01-25,0.005675512831658125,0.005493975710123777,0.00562275992706418,0.005621807649731636,83094812.0,0.005621807649731636
2020-01-26,0.005738340318202972,0.005543960724025965,0.005621612071990967,0.005709322169423103,87851202.0,0.005709322169423103
2020-01-27,0.0059034558944404125,0.00565039599314332,0.00573923671618104,0.005770635325461626,103413512.0,0.005770635325461626
2020-01-28,0.005910356063395739,0.0057218377478420734,0.005768274422734976,0.005823517683893442,114334306.0,0.005823517683893442
2020-01-29,0.005894850939512253,0.005686722230166197,0.00582377752289176,0.00572292460128665,114816849.0,0.00572292460128665
2020-01-30,0.005822872743010521,0.005653935018926859,0.005758036859333515,0.005657919682562351,124423470.0,0.005657919682562351
2020-01-31,0.005839493125677109,0.005504037719219923,0.0056614950299263,0.005778906866908073,125555435.0,0.005778906866908073
2020-02-01,0.006163858342915773,0.0057414257898926735,0.005779054947197437,0.006005477625876665,147597569.0,0.006005477625876665
2020-02-02,0.00640100659802556,0.005841881036758423,0.006005105096846819,0.006258691661059856,148855761.0,0.006258691661059856
2020-02-03,0.006343592889606953,0.00614128727465868,0.006258691661059856,0.006308658979833126,132983997.0,0.006308658979833126
2020-02-04,0.006601125467568636,0.006233020219951868,0.006271837744861841,0.0065086311660707,141368938.0,0.0065086311660707
2020-02-05,0.006641704123467207,0.006328577175736427,0.006511935032904148,0.0065073478035628796,156243120.0,0.0065073478035628796
2020-02-06,0.006939976010471582,0.006405221298336983,0.0065073478035628796,0.006794427987188101,164272721.0,0.006794427987188101
2020-02-07,0.006945644970983267,0.006652794778347015,0.006754538044333458,0.006830153521150351,151824706.0,0.006830153521150351
2020-02-08,0.006829376798123121,0.006513533182442188,0.006790310610085726,0.006687042769044638,117831476.0,0.006687042769044638
2020-02-09,0.006866630632430315,0.006613461766391993,0.006642869208008051,0.006804414559155703,133127104.0,0.006804414559155703
2020-02-10,0.006886771414428949,0.0063862246461212635,0.00683636823669076,0.006517736706882715,138176260.0,0.006517736706882715
2020-02-11,0.007503127679228783,0.006384007632732391,0.006557574961334467,0.007503127679228783,170686825.0,0.007503127679228783
2020-02-12,0.007901139557361603,0.007393794134259224,0.007458509411662817,0.007467285264283419,187011972.0,0.007467285264283419
2020-02-13,0.008159343153238297,0.007462450303137302,0.007505469955503941,0.00802598800510168,183735774.0,0.00802598800510168
2020-02-14,0.008353374898433685,0.007627488579601049,0.008075394667685032,0.00832341704517603,186689116.0,0.00832341704517603
2020-02-15,0.008453416638076305,0.007331017404794693,0.00832341704517603,0.0074399309232831,164274167.0,0.0074399309232831
2020-02-16,0.007669507525861263,0.006638952065259218,0.007446772418916225,0.007133460603654385,153285961.0,0.007133460603654385
2020-02-17,0.007133861072361469,0.006304813548922539,0.007127959281206131,0.006755650509148836,142893071.0,0.006755650509148836
2020-02-18,0.007200554013252258,0.006656409241259098,0.006715657189488411,0.007033590227365494,142640897.0,0.007033590227365494
2020-02-19,0.007186899892985821,0.006491393782198429,0.007035149727016687,0.006491598207503557,129846018.0,0.006491598207503557
2020-02-20,0.006560560781508684,0.0063853138126432896,0.006494480185210705,0.00649269251152873,169578101.0,0.00649269251152873
2020-02-21,0.006790419574826956,0.0064649563282728195,0.006492317654192448,0.006637121085077524,177548431.0,0.006637121085077524
2020-02-22,0.006673635449260473,0.0064829266630113125,0.006645993795245886,0.006605837494134903,183771673.0,0.006605837494134903
2020-02-23,0.00694974884390831,0.006602867506444454,0.00660647451877594,0.00694974884390831,184733930.0,0.00694974884390831
2020-02-24,0.007250921335071325,0.006686306558549404,0.006956034805625677,0.0067187282256782055,208461947.0,0.0067187282256782055
2020-02-25,0.006718548480421305,0.006179114803671837,0.00671719154343009,0.006247256882488728,184509986.0,0.006247256882488728
2020-02-26,0.006254502572119236,0.005437014624476433,0.006244795396924019,0.00558397127315402,191569770.0,0.00558397127315402
2020-02-27,0.00591973727568984,0.005244003608822823,0.005577063653618097,0.0057840594090521336,191014418.0,0.0057840594090521336
2020-02-28,0.005900514777749777,0.005412155296653509,0.005790664814412594,0.005728290881961584,176508790.0,0.005728290881961584
2020-02-29,0.005875087343156338,0.005657297093421221,0.005724251735955477,0.005660441238433123,160611761.0,0.005660441238433123
2020-03-01,0.0057638841681182384,0.00536252511665225,0.005656011868268251,0.005437239073216915,158219781.0,0.005437239073216915
2020-03-02,0.0058349608443677425,0.005411064252257347,0.005440453998744488,0.005799560807645321,166339489.0,0.005799560807645321
2020-03-03,0.005863742902874947,0.005640051327645779,0.005796387791633606,0.0058014304377138615,161355448.0,0.0058014304377138615
2020-03-04,0.0061416891403496265,0.005757912993431091,0.005799504928290844,0.005991627462208271,156543060.0,0.005991627462208271
2020-03-05,0.006343176122754812,0.00599345937371254,0.00599345937371254,0.006111871916800737,117649600.0,0.006111871916800737
2020-03-06,0.006209429353475571,0.00599973089993,0.006114664953202009,0.006137988995760679,108289412.0,0.006137988995760679
2020-03-07,0.006180481985211372,0.005705245304852724,0.006110785994678736,0.00579744391143322,119274957.0,0.00579744391143322
2020-03-08,0.005809486843645573,0.004751752130687237,0.00579744391143322,0.004755180794745684,124993115.0,0.004755180794745684
2020-03-09,0.004865538794547319,0.0043968395330011845,0.004754664376378059,0.004659383092075586,156369966.0,0.004659383092075586
2020-03-10,0.004936637356877327,0.004592936486005783,0.004670554772019386,0.004705483093857765,116224865.0,0.004705483093857765
2020-03-11,0.004750734660774469,0.0041531771421432495,0.004710150882601738,0.004450672771781683,104972791.0,0.004450672771781683
2020-03-12,0.004484216682612896,0.002376885386183858,0.004448695573955774,0.002400662750005722,102393489.0,0.002400662750005722
2020-03-13,0.0030945008620619774,0.0016776572447270155,0.002379209501668811,0.002790058497339487,112312061.0,0.002790058497339487
2020-03-14,0.002813764149323106,0.0024900208227336407,0.0027952734380960464,0.00252890819683671,63196917.0,0.00252890819683671
2020-03-15,0.002782882424071431,0.0024527658242732286,0.00252890819683671,0.0025307098403573036,59589217.0,0.0025307098403573036
2020-03-16,0.0025475649163126945,0.0019960287027060986,0.0025299640838056803,0.0022740133572369814,84965793.0,0.0022740133572369814
2020-03-17,0.0025525453966110945,0.0022180851083248854,0.0022578395437449217,0.002432579640299082,79251932.0,0.002432579640299082
2020-03-18,0.002473891247063875,0.0023088629823178053,0.002424044767394662,0.002462429227307439,64174750.0,0.002462429227307439
2020-03-19,0.003018684685230255,0.0024615905713289976,0.0024616015143692493,0.0029252723325043917,98783373.0,0.0029252723325043917
